geneview_sample_01_001.wav|Geneview hangminta szegmens
geneview_sample_01_002.wav|Geneview hangminta szegmens
geneview_sample_01_003.wav|Geneview hangminta szegmens
geneview_sample_01_004.wav|Geneview hangminta szegmens
geneview_sample_01_005.wav|Geneview hangminta szegmens
geneview_sample_01_006.wav|Geneview hangminta szegmens
geneview_sample_01_007.wav|Geneview hangminta szegmens
geneview_sample_01_008.wav|Geneview hangminta szegmens
geneview_sample_01_009.wav|Geneview hangminta szegmens
geneview_sample_01_010.wav|Geneview hangminta szegmens
geneview_sample_01_011.wav|Geneview hangminta szegmens
geneview_sample_01_012.wav|Geneview hangminta szegmens
geneview_sample_01_013.wav|Geneview hangminta szegmens
geneview_sample_01_014.wav|Geneview hangminta szegmens
geneview_sample_01_015.wav|Geneview hangminta szegmens
geneview_sample_01_016.wav|Geneview hangminta szegmens
geneview_sample_01_017.wav|Geneview hangminta szegmens
geneview_sample_01_018.wav|Geneview hangminta szegmens
geneview_sample_01_019.wav|Geneview hangminta szegmens
geneview_sample_01_020.wav|Geneview hangminta szegmens
geneview_sample_01_021.wav|Geneview hangminta szegmens
geneview_sample_01_022.wav|Geneview hangminta szegmens
geneview_sample_01_023.wav|Geneview hangminta szegmens
geneview_sample_01_024.wav|Geneview hangminta szegmens
geneview_sample_01_025.wav|Geneview hangminta szegmens
geneview_sample_01_026.wav|Geneview hangminta szegmens
geneview_sample_01_027.wav|Geneview hangminta szegmens
geneview_sample_01_028.wav|Geneview hangminta szegmens
geneview_sample_01_029.wav|Geneview hangminta szegmens
geneview_sample_01_030.wav|Geneview hangminta szegmens
geneview_sample_01_031.wav|Geneview hangminta szegmens
geneview_sample_01_032.wav|Geneview hangminta szegmens
geneview_sample_01_033.wav|Geneview hangminta szegmens
geneview_sample_01_034.wav|Geneview hangminta szegmens
geneview_sample_01_035.wav|Geneview hangminta szegmens
geneview_sample_01_036.wav|Geneview hangminta szegmens
geneview_sample_01_037.wav|Geneview hangminta szegmens
geneview_sample_01_038.wav|Geneview hangminta szegmens
geneview_sample_01_039.wav|Geneview hangminta szegmens
geneview_sample_01_040.wav|Geneview hangminta szegmens
geneview_sample_01_041.wav|Geneview hangminta szegmens
geneview_sample_01_042.wav|Geneview hangminta szegmens
geneview_sample_01_043.wav|Geneview hangminta szegmens
geneview_sample_01_044.wav|Geneview hangminta szegmens
geneview_sample_01_045.wav|Geneview hangminta szegmens
geneview_sample_01_046.wav|Geneview hangminta szegmens
geneview_sample_01_047.wav|Geneview hangminta szegmens
geneview_sample_01_048.wav|Geneview hangminta szegmens
geneview_sample_01_049.wav|Geneview hangminta szegmens
geneview_sample_01_050.wav|Geneview hangminta szegmens
geneview_sample_01_051.wav|Geneview hangminta szegmens
geneview_sample_01_052.wav|Geneview hangminta szegmens
geneview_sample_01_053.wav|Geneview hangminta szegmens
geneview_sample_01_054.wav|Geneview hangminta szegmens
geneview_sample_01_055.wav|Geneview hangminta szegmens
geneview_sample_01_056.wav|Geneview hangminta szegmens
geneview_sample_01_057.wav|Geneview hangminta szegmens
geneview_sample_02_001.wav|Geneview hangminta szegmens
geneview_sample_02_002.wav|Geneview hangminta szegmens
geneview_sample_02_003.wav|Geneview hangminta szegmens
geneview_sample_02_004.wav|Geneview hangminta szegmens
geneview_sample_02_005.wav|Geneview hangminta szegmens
geneview_sample_02_006.wav|Geneview hangminta szegmens
geneview_sample_02_007.wav|Geneview hangminta szegmens
geneview_sample_02_008.wav|Geneview hangminta szegmens
geneview_sample_02_009.wav|Geneview hangminta szegmens
geneview_sample_02_010.wav|Geneview hangminta szegmens
geneview_sample_02_011.wav|Geneview hangminta szegmens
geneview_sample_02_012.wav|Geneview hangminta szegmens
geneview_sample_02_013.wav|Geneview hangminta szegmens
geneview_sample_02_014.wav|Geneview hangminta szegmens
geneview_sample_02_015.wav|Geneview hangminta szegmens
geneview_sample_02_016.wav|Geneview hangminta szegmens
geneview_sample_02_017.wav|Geneview hangminta szegmens
geneview_sample_02_018.wav|Geneview hangminta szegmens
geneview_sample_02_019.wav|Geneview hangminta szegmens
geneview_sample_02_020.wav|Geneview hangminta szegmens
geneview_sample_02_021.wav|Geneview hangminta szegmens
geneview_sample_02_022.wav|Geneview hangminta szegmens
geneview_sample_02_023.wav|Geneview hangminta szegmens
geneview_sample_02_024.wav|Geneview hangminta szegmens
geneview_sample_02_025.wav|Geneview hangminta szegmens
geneview_sample_02_026.wav|Geneview hangminta szegmens
geneview_sample_02_027.wav|Geneview hangminta szegmens
geneview_sample_02_028.wav|Geneview hangminta szegmens
geneview_sample_02_029.wav|Geneview hangminta szegmens
geneview_sample_02_030.wav|Geneview hangminta szegmens
geneview_sample_02_031.wav|Geneview hangminta szegmens
geneview_sample_02_032.wav|Geneview hangminta szegmens
geneview_sample_02_033.wav|Geneview hangminta szegmens
geneview_sample_02_034.wav|Geneview hangminta szegmens
geneview_sample_02_035.wav|Geneview hangminta szegmens
geneview_sample_02_036.wav|Geneview hangminta szegmens
geneview_sample_02_037.wav|Geneview hangminta szegmens
geneview_sample_02_038.wav|Geneview hangminta szegmens
geneview_sample_02_039.wav|Geneview hangminta szegmens
geneview_sample_02_040.wav|Geneview hangminta szegmens
geneview_sample_02_041.wav|Geneview hangminta szegmens
geneview_sample_02_042.wav|Geneview hangminta szegmens
geneview_sample_02_043.wav|Geneview hangminta szegmens
geneview_sample_02_044.wav|Geneview hangminta szegmens
geneview_sample_02_045.wav|Geneview hangminta szegmens
geneview_sample_02_046.wav|Geneview hangminta szegmens
geneview_sample_02_047.wav|Geneview hangminta szegmens
geneview_sample_02_048.wav|Geneview hangminta szegmens
geneview_sample_02_049.wav|Geneview hangminta szegmens
geneview_sample_02_050.wav|Geneview hangminta szegmens
geneview_sample_02_051.wav|Geneview hangminta szegmens
geneview_sample_02_052.wav|Geneview hangminta szegmens
geneview_sample_02_053.wav|Geneview hangminta szegmens
geneview_sample_02_054.wav|Geneview hangminta szegmens
geneview_sample_02_055.wav|Geneview hangminta szegmens
geneview_sample_02_056.wav|Geneview hangminta szegmens
geneview_sample_02_057.wav|Geneview hangminta szegmens
geneview_sample_02_058.wav|Geneview hangminta szegmens
geneview_sample_02_059.wav|Geneview hangminta szegmens
geneview_sample_02_060.wav|Geneview hangminta szegmens
geneview_sample_02_061.wav|Geneview hangminta szegmens
geneview_sample_02_062.wav|Geneview hangminta szegmens
geneview_sample_02_063.wav|Geneview hangminta szegmens
geneview_sample_02_064.wav|Geneview hangminta szegmens
geneview_sample_02_065.wav|Geneview hangminta szegmens
geneview_sample_02_066.wav|Geneview hangminta szegmens
geneview_sample_02_067.wav|Geneview hangminta szegmens
geneview_sample_02_068.wav|Geneview hangminta szegmens
geneview_sample_02_069.wav|Geneview hangminta szegmens
geneview_sample_02_070.wav|Geneview hangminta szegmens
geneview_sample_02_071.wav|Geneview hangminta szegmens
geneview_sample_02_072.wav|Geneview hangminta szegmens
geneview_sample_02_073.wav|Geneview hangminta szegmens
geneview_sample_02_074.wav|Geneview hangminta szegmens
geneview_sample_03_001.wav|Geneview hangminta szegmens
geneview_sample_03_002.wav|Geneview hangminta szegmens
geneview_sample_03_003.wav|Geneview hangminta szegmens
geneview_sample_03_004.wav|Geneview hangminta szegmens
geneview_sample_03_005.wav|Geneview hangminta szegmens
geneview_sample_03_006.wav|Geneview hangminta szegmens
geneview_sample_03_007.wav|Geneview hangminta szegmens
geneview_sample_03_008.wav|Geneview hangminta szegmens
geneview_sample_03_009.wav|Geneview hangminta szegmens
geneview_sample_03_010.wav|Geneview hangminta szegmens
geneview_sample_03_011.wav|Geneview hangminta szegmens
geneview_sample_03_012.wav|Geneview hangminta szegmens
geneview_sample_03_013.wav|Geneview hangminta szegmens
geneview_sample_03_014.wav|Geneview hangminta szegmens
geneview_sample_03_015.wav|Geneview hangminta szegmens
geneview_sample_03_016.wav|Geneview hangminta szegmens
geneview_sample_03_017.wav|Geneview hangminta szegmens
geneview_sample_03_018.wav|Geneview hangminta szegmens
geneview_sample_03_019.wav|Geneview hangminta szegmens
geneview_sample_03_020.wav|Geneview hangminta szegmens
geneview_sample_03_021.wav|Geneview hangminta szegmens
geneview_sample_03_022.wav|Geneview hangminta szegmens
geneview_sample_03_023.wav|Geneview hangminta szegmens
geneview_sample_03_024.wav|Geneview hangminta szegmens
geneview_sample_03_025.wav|Geneview hangminta szegmens
geneview_sample_03_026.wav|Geneview hangminta szegmens
geneview_sample_03_027.wav|Geneview hangminta szegmens
geneview_sample_03_028.wav|Geneview hangminta szegmens
geneview_sample_03_029.wav|Geneview hangminta szegmens
geneview_sample_03_030.wav|Geneview hangminta szegmens
geneview_sample_03_031.wav|Geneview hangminta szegmens
geneview_sample_03_032.wav|Geneview hangminta szegmens
geneview_sample_03_033.wav|Geneview hangminta szegmens
geneview_sample_03_034.wav|Geneview hangminta szegmens
geneview_sample_03_035.wav|Geneview hangminta szegmens
geneview_sample_03_036.wav|Geneview hangminta szegmens
geneview_sample_03_037.wav|Geneview hangminta szegmens
geneview_sample_03_038.wav|Geneview hangminta szegmens
geneview_sample_03_039.wav|Geneview hangminta szegmens
geneview_sample_03_040.wav|Geneview hangminta szegmens
geneview_sample_03_041.wav|Geneview hangminta szegmens
geneview_sample_03_042.wav|Geneview hangminta szegmens
geneview_sample_03_043.wav|Geneview hangminta szegmens
geneview_sample_03_044.wav|Geneview hangminta szegmens
geneview_sample_03_045.wav|Geneview hangminta szegmens
geneview_sample_03_046.wav|Geneview hangminta szegmens
geneview_sample_03_047.wav|Geneview hangminta szegmens
geneview_sample_03_048.wav|Geneview hangminta szegmens
geneview_sample_03_049.wav|Geneview hangminta szegmens
geneview_sample_03_050.wav|Geneview hangminta szegmens
geneview_sample_03_051.wav|Geneview hangminta szegmens
geneview_sample_03_052.wav|Geneview hangminta szegmens
geneview_sample_03_053.wav|Geneview hangminta szegmens
geneview_sample_03_054.wav|Geneview hangminta szegmens
geneview_sample_03_055.wav|Geneview hangminta szegmens
geneview_sample_03_056.wav|Geneview hangminta szegmens
geneview_sample_03_057.wav|Geneview hangminta szegmens
geneview_sample_03_058.wav|Geneview hangminta szegmens
geneview_sample_03_059.wav|Geneview hangminta szegmens
geneview_sample_03_060.wav|Geneview hangminta szegmens
geneview_sample_03_061.wav|Geneview hangminta szegmens
geneview_sample_03_062.wav|Geneview hangminta szegmens
geneview_sample_03_063.wav|Geneview hangminta szegmens
geneview_sample_03_064.wav|Geneview hangminta szegmens
geneview_sample_03_065.wav|Geneview hangminta szegmens
geneview_sample_03_066.wav|Geneview hangminta szegmens
geneview_sample_03_067.wav|Geneview hangminta szegmens
geneview_sample_03_068.wav|Geneview hangminta szegmens
geneview_sample_03_069.wav|Geneview hangminta szegmens
geneview_sample_03_070.wav|Geneview hangminta szegmens
geneview_sample_03_071.wav|Geneview hangminta szegmens
geneview_sample_03_072.wav|Geneview hangminta szegmens
geneview_sample_03_073.wav|Geneview hangminta szegmens
geneview_sample_03_074.wav|Geneview hangminta szegmens
geneview_sample_04_001.wav|Geneview hangminta szegmens
geneview_sample_04_002.wav|Geneview hangminta szegmens
geneview_sample_04_003.wav|Geneview hangminta szegmens
geneview_sample_04_004.wav|Geneview hangminta szegmens
geneview_sample_04_005.wav|Geneview hangminta szegmens
geneview_sample_04_006.wav|Geneview hangminta szegmens
geneview_sample_04_007.wav|Geneview hangminta szegmens
geneview_sample_04_008.wav|Geneview hangminta szegmens
geneview_sample_04_009.wav|Geneview hangminta szegmens
geneview_sample_04_010.wav|Geneview hangminta szegmens
geneview_sample_04_011.wav|Geneview hangminta szegmens
geneview_sample_04_012.wav|Geneview hangminta szegmens
geneview_sample_04_013.wav|Geneview hangminta szegmens
geneview_sample_04_014.wav|Geneview hangminta szegmens
geneview_sample_04_015.wav|Geneview hangminta szegmens
geneview_sample_04_016.wav|Geneview hangminta szegmens
geneview_sample_04_017.wav|Geneview hangminta szegmens
geneview_sample_04_018.wav|Geneview hangminta szegmens
geneview_sample_04_019.wav|Geneview hangminta szegmens
geneview_sample_04_020.wav|Geneview hangminta szegmens
geneview_sample_04_021.wav|Geneview hangminta szegmens
geneview_sample_04_022.wav|Geneview hangminta szegmens
geneview_sample_04_023.wav|Geneview hangminta szegmens
geneview_sample_04_024.wav|Geneview hangminta szegmens
geneview_sample_04_025.wav|Geneview hangminta szegmens
geneview_sample_04_026.wav|Geneview hangminta szegmens
geneview_sample_04_027.wav|Geneview hangminta szegmens
geneview_sample_04_028.wav|Geneview hangminta szegmens
geneview_sample_04_029.wav|Geneview hangminta szegmens
geneview_sample_04_030.wav|Geneview hangminta szegmens
geneview_sample_04_031.wav|Geneview hangminta szegmens
geneview_sample_04_032.wav|Geneview hangminta szegmens
geneview_sample_04_033.wav|Geneview hangminta szegmens
geneview_sample_04_034.wav|Geneview hangminta szegmens
geneview_sample_04_035.wav|Geneview hangminta szegmens
geneview_sample_04_036.wav|Geneview hangminta szegmens
geneview_sample_04_037.wav|Geneview hangminta szegmens
geneview_sample_04_038.wav|Geneview hangminta szegmens
geneview_sample_04_039.wav|Geneview hangminta szegmens
geneview_sample_04_040.wav|Geneview hangminta szegmens
geneview_sample_04_041.wav|Geneview hangminta szegmens
geneview_sample_04_042.wav|Geneview hangminta szegmens
geneview_sample_04_043.wav|Geneview hangminta szegmens
geneview_sample_04_044.wav|Geneview hangminta szegmens
geneview_sample_04_045.wav|Geneview hangminta szegmens
geneview_sample_04_046.wav|Geneview hangminta szegmens
geneview_sample_04_047.wav|Geneview hangminta szegmens
geneview_sample_04_048.wav|Geneview hangminta szegmens
geneview_sample_04_049.wav|Geneview hangminta szegmens
geneview_sample_04_050.wav|Geneview hangminta szegmens
geneview_sample_04_051.wav|Geneview hangminta szegmens
geneview_sample_04_052.wav|Geneview hangminta szegmens
geneview_sample_04_053.wav|Geneview hangminta szegmens
geneview_sample_04_054.wav|Geneview hangminta szegmens
geneview_sample_04_055.wav|Geneview hangminta szegmens
geneview_sample_04_056.wav|Geneview hangminta szegmens
geneview_sample_04_057.wav|Geneview hangminta szegmens
geneview_sample_04_058.wav|Geneview hangminta szegmens
geneview_sample_04_059.wav|Geneview hangminta szegmens
geneview_sample_04_060.wav|Geneview hangminta szegmens
geneview_sample_04_061.wav|Geneview hangminta szegmens
geneview_sample_04_062.wav|Geneview hangminta szegmens
geneview_sample_04_063.wav|Geneview hangminta szegmens
geneview_sample_04_064.wav|Geneview hangminta szegmens
geneview_sample_04_065.wav|Geneview hangminta szegmens
geneview_sample_04_066.wav|Geneview hangminta szegmens
geneview_sample_04_067.wav|Geneview hangminta szegmens
geneview_sample_04_068.wav|Geneview hangminta szegmens
geneview_sample_04_069.wav|Geneview hangminta szegmens
geneview_sample_04_070.wav|Geneview hangminta szegmens
geneview_sample_04_071.wav|Geneview hangminta szegmens
geneview_sample_04_072.wav|Geneview hangminta szegmens
geneview_sample_04_073.wav|Geneview hangminta szegmens
geneview_sample_04_074.wav|Geneview hangminta szegmens
geneview_sample_04_075.wav|Geneview hangminta szegmens
geneview_sample_04_076.wav|Geneview hangminta szegmens
geneview_sample_04_077.wav|Geneview hangminta szegmens
geneview_sample_04_078.wav|Geneview hangminta szegmens
geneview_sample_04_079.wav|Geneview hangminta szegmens
geneview_sample_04_080.wav|Geneview hangminta szegmens
geneview_sample_04_081.wav|Geneview hangminta szegmens
geneview_sample_04_082.wav|Geneview hangminta szegmens
geneview_sample_04_083.wav|Geneview hangminta szegmens
geneview_sample_04_084.wav|Geneview hangminta szegmens
geneview_sample_04_085.wav|Geneview hangminta szegmens
geneview_sample_04_086.wav|Geneview hangminta szegmens
geneview_sample_04_087.wav|Geneview hangminta szegmens
geneview_sample_04_088.wav|Geneview hangminta szegmens
geneview_sample_04_089.wav|Geneview hangminta szegmens
geneview_sample_04_090.wav|Geneview hangminta szegmens
geneview_sample_04_091.wav|Geneview hangminta szegmens
geneview_sample_04_092.wav|Geneview hangminta szegmens
geneview_sample_04_093.wav|Geneview hangminta szegmens
geneview_sample_04_094.wav|Geneview hangminta szegmens
geneview_sample_04_095.wav|Geneview hangminta szegmens
geneview_sample_04_096.wav|Geneview hangminta szegmens
geneview_sample_04_097.wav|Geneview hangminta szegmens
geneview_sample_04_098.wav|Geneview hangminta szegmens
geneview_sample_04_099.wav|Geneview hangminta szegmens
geneview_sample_04_100.wav|Geneview hangminta szegmens
geneview_sample_04_101.wav|Geneview hangminta szegmens
geneview_sample_04_102.wav|Geneview hangminta szegmens
geneview_sample_04_103.wav|Geneview hangminta szegmens
geneview_sample_04_104.wav|Geneview hangminta szegmens
geneview_sample_04_105.wav|Geneview hangminta szegmens
geneview_sample_04_106.wav|Geneview hangminta szegmens
geneview_sample_04_107.wav|Geneview hangminta szegmens
geneview_sample_04_108.wav|Geneview hangminta szegmens
geneview_sample_05_001.wav|Geneview hangminta szegmens
geneview_sample_05_002.wav|Geneview hangminta szegmens
geneview_sample_05_003.wav|Geneview hangminta szegmens
geneview_sample_05_004.wav|Geneview hangminta szegmens
geneview_sample_05_005.wav|Geneview hangminta szegmens
geneview_sample_05_006.wav|Geneview hangminta szegmens
geneview_sample_05_007.wav|Geneview hangminta szegmens
geneview_sample_05_008.wav|Geneview hangminta szegmens
geneview_sample_05_009.wav|Geneview hangminta szegmens
geneview_sample_05_010.wav|Geneview hangminta szegmens
geneview_sample_05_011.wav|Geneview hangminta szegmens
geneview_sample_05_012.wav|Geneview hangminta szegmens
geneview_sample_05_013.wav|Geneview hangminta szegmens
geneview_sample_05_014.wav|Geneview hangminta szegmens
geneview_sample_05_015.wav|Geneview hangminta szegmens
geneview_sample_05_016.wav|Geneview hangminta szegmens
geneview_sample_05_017.wav|Geneview hangminta szegmens
geneview_sample_05_018.wav|Geneview hangminta szegmens
geneview_sample_05_019.wav|Geneview hangminta szegmens
geneview_sample_05_020.wav|Geneview hangminta szegmens
geneview_sample_05_021.wav|Geneview hangminta szegmens
geneview_sample_05_022.wav|Geneview hangminta szegmens
geneview_sample_05_023.wav|Geneview hangminta szegmens
geneview_sample_05_024.wav|Geneview hangminta szegmens
geneview_sample_05_025.wav|Geneview hangminta szegmens
geneview_sample_05_026.wav|Geneview hangminta szegmens
geneview_sample_05_027.wav|Geneview hangminta szegmens
geneview_sample_05_028.wav|Geneview hangminta szegmens
geneview_sample_05_029.wav|Geneview hangminta szegmens
geneview_sample_05_030.wav|Geneview hangminta szegmens
geneview_sample_05_031.wav|Geneview hangminta szegmens
geneview_sample_05_032.wav|Geneview hangminta szegmens
geneview_sample_05_033.wav|Geneview hangminta szegmens
geneview_sample_05_034.wav|Geneview hangminta szegmens
geneview_sample_05_035.wav|Geneview hangminta szegmens
geneview_sample_05_036.wav|Geneview hangminta szegmens
geneview_sample_05_037.wav|Geneview hangminta szegmens
geneview_sample_05_038.wav|Geneview hangminta szegmens
geneview_sample_05_039.wav|Geneview hangminta szegmens
geneview_sample_05_040.wav|Geneview hangminta szegmens
geneview_sample_05_041.wav|Geneview hangminta szegmens
geneview_sample_05_042.wav|Geneview hangminta szegmens
geneview_sample_05_043.wav|Geneview hangminta szegmens
geneview_sample_05_044.wav|Geneview hangminta szegmens
geneview_sample_05_045.wav|Geneview hangminta szegmens
geneview_sample_05_046.wav|Geneview hangminta szegmens
geneview_sample_05_047.wav|Geneview hangminta szegmens
geneview_sample_05_048.wav|Geneview hangminta szegmens
geneview_sample_05_049.wav|Geneview hangminta szegmens
geneview_sample_05_050.wav|Geneview hangminta szegmens
geneview_sample_05_051.wav|Geneview hangminta szegmens
geneview_sample_05_052.wav|Geneview hangminta szegmens
geneview_sample_05_053.wav|Geneview hangminta szegmens
geneview_sample_05_054.wav|Geneview hangminta szegmens
geneview_sample_05_055.wav|Geneview hangminta szegmens
geneview_sample_05_056.wav|Geneview hangminta szegmens
geneview_sample_05_057.wav|Geneview hangminta szegmens
geneview_sample_05_058.wav|Geneview hangminta szegmens
geneview_sample_05_059.wav|Geneview hangminta szegmens
geneview_sample_05_060.wav|Geneview hangminta szegmens
geneview_sample_05_061.wav|Geneview hangminta szegmens
geneview_sample_05_062.wav|Geneview hangminta szegmens
geneview_sample_05_063.wav|Geneview hangminta szegmens
geneview_sample_05_064.wav|Geneview hangminta szegmens
geneview_sample_05_065.wav|Geneview hangminta szegmens
geneview_sample_05_066.wav|Geneview hangminta szegmens
geneview_sample_05_067.wav|Geneview hangminta szegmens
geneview_sample_05_068.wav|Geneview hangminta szegmens
geneview_sample_05_069.wav|Geneview hangminta szegmens
geneview_sample_05_070.wav|Geneview hangminta szegmens
geneview_sample_05_071.wav|Geneview hangminta szegmens
geneview_sample_05_072.wav|Geneview hangminta szegmens
geneview_sample_05_073.wav|Geneview hangminta szegmens
geneview_sample_06_001.wav|Geneview hangminta szegmens
geneview_sample_06_002.wav|Geneview hangminta szegmens
geneview_sample_06_003.wav|Geneview hangminta szegmens
geneview_sample_06_004.wav|Geneview hangminta szegmens
geneview_sample_06_005.wav|Geneview hangminta szegmens
geneview_sample_06_006.wav|Geneview hangminta szegmens
geneview_sample_06_007.wav|Geneview hangminta szegmens
geneview_sample_06_008.wav|Geneview hangminta szegmens
geneview_sample_06_009.wav|Geneview hangminta szegmens
geneview_sample_06_010.wav|Geneview hangminta szegmens
geneview_sample_06_011.wav|Geneview hangminta szegmens
geneview_sample_06_012.wav|Geneview hangminta szegmens
geneview_sample_06_013.wav|Geneview hangminta szegmens
geneview_sample_06_014.wav|Geneview hangminta szegmens
geneview_sample_06_015.wav|Geneview hangminta szegmens
geneview_sample_06_016.wav|Geneview hangminta szegmens
geneview_sample_06_017.wav|Geneview hangminta szegmens
geneview_sample_06_018.wav|Geneview hangminta szegmens
geneview_sample_06_019.wav|Geneview hangminta szegmens
geneview_sample_06_020.wav|Geneview hangminta szegmens
geneview_sample_06_021.wav|Geneview hangminta szegmens
geneview_sample_06_022.wav|Geneview hangminta szegmens
geneview_sample_06_023.wav|Geneview hangminta szegmens
geneview_sample_06_024.wav|Geneview hangminta szegmens
geneview_sample_06_025.wav|Geneview hangminta szegmens
geneview_sample_06_026.wav|Geneview hangminta szegmens
geneview_sample_06_027.wav|Geneview hangminta szegmens
geneview_sample_06_028.wav|Geneview hangminta szegmens
geneview_sample_06_029.wav|Geneview hangminta szegmens
geneview_sample_06_030.wav|Geneview hangminta szegmens
geneview_sample_06_031.wav|Geneview hangminta szegmens
geneview_sample_06_032.wav|Geneview hangminta szegmens
geneview_sample_06_033.wav|Geneview hangminta szegmens
geneview_sample_06_034.wav|Geneview hangminta szegmens
geneview_sample_06_035.wav|Geneview hangminta szegmens
geneview_sample_06_036.wav|Geneview hangminta szegmens
geneview_sample_06_037.wav|Geneview hangminta szegmens
geneview_sample_06_038.wav|Geneview hangminta szegmens
geneview_sample_06_039.wav|Geneview hangminta szegmens
geneview_sample_06_040.wav|Geneview hangminta szegmens
geneview_sample_06_041.wav|Geneview hangminta szegmens
geneview_sample_06_042.wav|Geneview hangminta szegmens
geneview_sample_06_043.wav|Geneview hangminta szegmens
geneview_sample_06_044.wav|Geneview hangminta szegmens
geneview_sample_06_045.wav|Geneview hangminta szegmens
geneview_sample_06_046.wav|Geneview hangminta szegmens
geneview_sample_06_047.wav|Geneview hangminta szegmens
geneview_sample_06_048.wav|Geneview hangminta szegmens
geneview_sample_06_049.wav|Geneview hangminta szegmens
geneview_sample_06_050.wav|Geneview hangminta szegmens
geneview_sample_06_051.wav|Geneview hangminta szegmens
geneview_sample_06_052.wav|Geneview hangminta szegmens
geneview_sample_06_053.wav|Geneview hangminta szegmens
geneview_sample_06_054.wav|Geneview hangminta szegmens
geneview_sample_06_055.wav|Geneview hangminta szegmens
geneview_sample_06_056.wav|Geneview hangminta szegmens
geneview_sample_06_057.wav|Geneview hangminta szegmens
geneview_sample_06_058.wav|Geneview hangminta szegmens
geneview_sample_06_059.wav|Geneview hangminta szegmens
geneview_sample_06_060.wav|Geneview hangminta szegmens
geneview_sample_06_061.wav|Geneview hangminta szegmens
geneview_sample_06_062.wav|Geneview hangminta szegmens
geneview_sample_06_063.wav|Geneview hangminta szegmens
geneview_sample_07_001.wav|Geneview hangminta szegmens
geneview_sample_07_002.wav|Geneview hangminta szegmens
geneview_sample_07_003.wav|Geneview hangminta szegmens
geneview_sample_07_004.wav|Geneview hangminta szegmens
geneview_sample_07_005.wav|Geneview hangminta szegmens
geneview_sample_07_006.wav|Geneview hangminta szegmens
geneview_sample_07_007.wav|Geneview hangminta szegmens
geneview_sample_07_008.wav|Geneview hangminta szegmens
geneview_sample_07_009.wav|Geneview hangminta szegmens
geneview_sample_07_010.wav|Geneview hangminta szegmens
geneview_sample_07_011.wav|Geneview hangminta szegmens
geneview_sample_07_012.wav|Geneview hangminta szegmens
geneview_sample_07_013.wav|Geneview hangminta szegmens
geneview_sample_07_014.wav|Geneview hangminta szegmens
geneview_sample_07_015.wav|Geneview hangminta szegmens
geneview_sample_07_016.wav|Geneview hangminta szegmens
geneview_sample_07_017.wav|Geneview hangminta szegmens
geneview_sample_07_018.wav|Geneview hangminta szegmens
geneview_sample_07_019.wav|Geneview hangminta szegmens
geneview_sample_07_020.wav|Geneview hangminta szegmens
geneview_sample_07_021.wav|Geneview hangminta szegmens
geneview_sample_07_022.wav|Geneview hangminta szegmens
geneview_sample_07_023.wav|Geneview hangminta szegmens
geneview_sample_07_024.wav|Geneview hangminta szegmens
geneview_sample_07_025.wav|Geneview hangminta szegmens
geneview_sample_07_026.wav|Geneview hangminta szegmens
geneview_sample_07_027.wav|Geneview hangminta szegmens
geneview_sample_07_028.wav|Geneview hangminta szegmens
geneview_sample_07_029.wav|Geneview hangminta szegmens
geneview_sample_07_030.wav|Geneview hangminta szegmens
geneview_sample_07_031.wav|Geneview hangminta szegmens
geneview_sample_07_032.wav|Geneview hangminta szegmens
geneview_sample_07_033.wav|Geneview hangminta szegmens
geneview_sample_07_034.wav|Geneview hangminta szegmens
geneview_sample_07_035.wav|Geneview hangminta szegmens
geneview_sample_07_036.wav|Geneview hangminta szegmens
geneview_sample_07_037.wav|Geneview hangminta szegmens
geneview_sample_07_038.wav|Geneview hangminta szegmens
geneview_sample_07_039.wav|Geneview hangminta szegmens
geneview_sample_07_040.wav|Geneview hangminta szegmens
geneview_sample_07_041.wav|Geneview hangminta szegmens
geneview_sample_07_042.wav|Geneview hangminta szegmens
geneview_sample_07_043.wav|Geneview hangminta szegmens
geneview_sample_07_044.wav|Geneview hangminta szegmens
geneview_sample_07_045.wav|Geneview hangminta szegmens
geneview_sample_07_046.wav|Geneview hangminta szegmens
geneview_sample_07_047.wav|Geneview hangminta szegmens
geneview_sample_07_048.wav|Geneview hangminta szegmens
geneview_sample_07_049.wav|Geneview hangminta szegmens
geneview_sample_07_050.wav|Geneview hangminta szegmens
geneview_sample_07_051.wav|Geneview hangminta szegmens
geneview_sample_07_052.wav|Geneview hangminta szegmens
geneview_sample_07_053.wav|Geneview hangminta szegmens
geneview_sample_07_054.wav|Geneview hangminta szegmens
geneview_sample_07_055.wav|Geneview hangminta szegmens
geneview_sample_07_056.wav|Geneview hangminta szegmens
geneview_sample_07_057.wav|Geneview hangminta szegmens
geneview_sample_07_058.wav|Geneview hangminta szegmens
geneview_sample_07_059.wav|Geneview hangminta szegmens
geneview_sample_07_060.wav|Geneview hangminta szegmens
geneview_sample_07_061.wav|Geneview hangminta szegmens
geneview_sample_07_062.wav|Geneview hangminta szegmens
geneview_sample_07_063.wav|Geneview hangminta szegmens
geneview_sample_07_064.wav|Geneview hangminta szegmens
geneview_sample_07_065.wav|Geneview hangminta szegmens
geneview_sample_07_066.wav|Geneview hangminta szegmens
geneview_sample_07_067.wav|Geneview hangminta szegmens
geneview_sample_07_068.wav|Geneview hangminta szegmens
geneview_sample_07_069.wav|Geneview hangminta szegmens
geneview_sample_07_070.wav|Geneview hangminta szegmens
geneview_sample_07_071.wav|Geneview hangminta szegmens
geneview_sample_07_072.wav|Geneview hangminta szegmens
geneview_sample_07_073.wav|Geneview hangminta szegmens
geneview_sample_07_074.wav|Geneview hangminta szegmens
geneview_sample_07_075.wav|Geneview hangminta szegmens
geneview_sample_08_001.wav|Geneview hangminta szegmens
geneview_sample_08_002.wav|Geneview hangminta szegmens
geneview_sample_08_003.wav|Geneview hangminta szegmens
geneview_sample_08_004.wav|Geneview hangminta szegmens
geneview_sample_08_005.wav|Geneview hangminta szegmens
geneview_sample_08_006.wav|Geneview hangminta szegmens
geneview_sample_08_007.wav|Geneview hangminta szegmens
geneview_sample_08_008.wav|Geneview hangminta szegmens
geneview_sample_08_009.wav|Geneview hangminta szegmens
geneview_sample_08_010.wav|Geneview hangminta szegmens
geneview_sample_08_011.wav|Geneview hangminta szegmens
geneview_sample_08_012.wav|Geneview hangminta szegmens
geneview_sample_08_013.wav|Geneview hangminta szegmens
geneview_sample_08_014.wav|Geneview hangminta szegmens
geneview_sample_08_015.wav|Geneview hangminta szegmens
geneview_sample_08_016.wav|Geneview hangminta szegmens
geneview_sample_08_017.wav|Geneview hangminta szegmens
geneview_sample_08_018.wav|Geneview hangminta szegmens
geneview_sample_08_019.wav|Geneview hangminta szegmens
geneview_sample_08_020.wav|Geneview hangminta szegmens
geneview_sample_08_021.wav|Geneview hangminta szegmens
geneview_sample_08_022.wav|Geneview hangminta szegmens
geneview_sample_08_023.wav|Geneview hangminta szegmens
geneview_sample_08_024.wav|Geneview hangminta szegmens
geneview_sample_08_025.wav|Geneview hangminta szegmens
geneview_sample_08_026.wav|Geneview hangminta szegmens
geneview_sample_08_027.wav|Geneview hangminta szegmens
geneview_sample_08_028.wav|Geneview hangminta szegmens
geneview_sample_08_029.wav|Geneview hangminta szegmens
geneview_sample_08_030.wav|Geneview hangminta szegmens
geneview_sample_08_031.wav|Geneview hangminta szegmens
geneview_sample_08_032.wav|Geneview hangminta szegmens
geneview_sample_08_033.wav|Geneview hangminta szegmens
geneview_sample_08_034.wav|Geneview hangminta szegmens
geneview_sample_08_035.wav|Geneview hangminta szegmens
geneview_sample_08_036.wav|Geneview hangminta szegmens
geneview_sample_08_037.wav|Geneview hangminta szegmens
geneview_sample_08_038.wav|Geneview hangminta szegmens
geneview_sample_08_039.wav|Geneview hangminta szegmens
geneview_sample_08_040.wav|Geneview hangminta szegmens
geneview_sample_08_041.wav|Geneview hangminta szegmens
geneview_sample_08_042.wav|Geneview hangminta szegmens
geneview_sample_08_043.wav|Geneview hangminta szegmens
geneview_sample_08_044.wav|Geneview hangminta szegmens
geneview_sample_08_045.wav|Geneview hangminta szegmens
geneview_sample_08_046.wav|Geneview hangminta szegmens
geneview_sample_08_047.wav|Geneview hangminta szegmens
geneview_sample_08_048.wav|Geneview hangminta szegmens
geneview_sample_08_049.wav|Geneview hangminta szegmens
geneview_sample_08_050.wav|Geneview hangminta szegmens
geneview_sample_08_051.wav|Geneview hangminta szegmens
geneview_sample_08_052.wav|Geneview hangminta szegmens
geneview_sample_08_053.wav|Geneview hangminta szegmens
geneview_sample_08_054.wav|Geneview hangminta szegmens
geneview_sample_08_055.wav|Geneview hangminta szegmens
geneview_sample_08_056.wav|Geneview hangminta szegmens
geneview_sample_08_057.wav|Geneview hangminta szegmens
geneview_sample_08_058.wav|Geneview hangminta szegmens
geneview_sample_08_059.wav|Geneview hangminta szegmens
geneview_sample_08_060.wav|Geneview hangminta szegmens
geneview_sample_08_061.wav|Geneview hangminta szegmens
geneview_sample_08_062.wav|Geneview hangminta szegmens
geneview_sample_08_063.wav|Geneview hangminta szegmens
geneview_sample_08_064.wav|Geneview hangminta szegmens
geneview_sample_08_065.wav|Geneview hangminta szegmens
geneview_sample_08_066.wav|Geneview hangminta szegmens
geneview_sample_08_067.wav|Geneview hangminta szegmens
geneview_sample_08_068.wav|Geneview hangminta szegmens
geneview_sample_08_069.wav|Geneview hangminta szegmens
geneview_sample_08_070.wav|Geneview hangminta szegmens
geneview_sample_08_071.wav|Geneview hangminta szegmens
geneview_sample_08_072.wav|Geneview hangminta szegmens
geneview_sample_08_073.wav|Geneview hangminta szegmens
geneview_sample_08_074.wav|Geneview hangminta szegmens
geneview_sample_08_075.wav|Geneview hangminta szegmens
geneview_sample_08_076.wav|Geneview hangminta szegmens
geneview_sample_08_077.wav|Geneview hangminta szegmens
geneview_sample_08_078.wav|Geneview hangminta szegmens
geneview_sample_08_079.wav|Geneview hangminta szegmens
geneview_sample_09_001.wav|Geneview hangminta szegmens
geneview_sample_09_002.wav|Geneview hangminta szegmens
geneview_sample_09_003.wav|Geneview hangminta szegmens
geneview_sample_09_004.wav|Geneview hangminta szegmens
geneview_sample_09_005.wav|Geneview hangminta szegmens
geneview_sample_09_006.wav|Geneview hangminta szegmens
geneview_sample_09_007.wav|Geneview hangminta szegmens
geneview_sample_09_008.wav|Geneview hangminta szegmens
geneview_sample_09_009.wav|Geneview hangminta szegmens
geneview_sample_09_010.wav|Geneview hangminta szegmens
geneview_sample_09_011.wav|Geneview hangminta szegmens
geneview_sample_09_012.wav|Geneview hangminta szegmens
geneview_sample_09_013.wav|Geneview hangminta szegmens
geneview_sample_09_014.wav|Geneview hangminta szegmens
geneview_sample_09_015.wav|Geneview hangminta szegmens
geneview_sample_09_016.wav|Geneview hangminta szegmens
geneview_sample_09_017.wav|Geneview hangminta szegmens
geneview_sample_09_018.wav|Geneview hangminta szegmens
geneview_sample_09_019.wav|Geneview hangminta szegmens
geneview_sample_09_020.wav|Geneview hangminta szegmens
geneview_sample_09_021.wav|Geneview hangminta szegmens
geneview_sample_09_022.wav|Geneview hangminta szegmens
geneview_sample_09_023.wav|Geneview hangminta szegmens
geneview_sample_09_024.wav|Geneview hangminta szegmens
geneview_sample_09_025.wav|Geneview hangminta szegmens
geneview_sample_09_026.wav|Geneview hangminta szegmens
geneview_sample_09_027.wav|Geneview hangminta szegmens
geneview_sample_09_028.wav|Geneview hangminta szegmens
geneview_sample_09_029.wav|Geneview hangminta szegmens
geneview_sample_09_030.wav|Geneview hangminta szegmens
geneview_sample_09_031.wav|Geneview hangminta szegmens
geneview_sample_09_032.wav|Geneview hangminta szegmens
geneview_sample_09_033.wav|Geneview hangminta szegmens
geneview_sample_09_034.wav|Geneview hangminta szegmens
geneview_sample_09_035.wav|Geneview hangminta szegmens
geneview_sample_09_036.wav|Geneview hangminta szegmens
geneview_sample_09_037.wav|Geneview hangminta szegmens
geneview_sample_09_038.wav|Geneview hangminta szegmens
geneview_sample_09_039.wav|Geneview hangminta szegmens
geneview_sample_09_040.wav|Geneview hangminta szegmens
geneview_sample_09_041.wav|Geneview hangminta szegmens
geneview_sample_09_042.wav|Geneview hangminta szegmens
geneview_sample_09_043.wav|Geneview hangminta szegmens
geneview_sample_09_044.wav|Geneview hangminta szegmens
geneview_sample_09_045.wav|Geneview hangminta szegmens
geneview_sample_09_046.wav|Geneview hangminta szegmens
geneview_sample_09_047.wav|Geneview hangminta szegmens
geneview_sample_09_048.wav|Geneview hangminta szegmens
geneview_sample_09_049.wav|Geneview hangminta szegmens
geneview_sample_09_050.wav|Geneview hangminta szegmens
geneview_sample_09_051.wav|Geneview hangminta szegmens
geneview_sample_09_052.wav|Geneview hangminta szegmens
geneview_sample_09_053.wav|Geneview hangminta szegmens
geneview_sample_09_054.wav|Geneview hangminta szegmens
geneview_sample_09_055.wav|Geneview hangminta szegmens
geneview_sample_09_056.wav|Geneview hangminta szegmens
geneview_sample_09_057.wav|Geneview hangminta szegmens
geneview_sample_09_058.wav|Geneview hangminta szegmens
geneview_sample_09_059.wav|Geneview hangminta szegmens
geneview_sample_09_060.wav|Geneview hangminta szegmens
geneview_sample_09_061.wav|Geneview hangminta szegmens
geneview_sample_09_062.wav|Geneview hangminta szegmens
geneview_sample_09_063.wav|Geneview hangminta szegmens
geneview_sample_09_064.wav|Geneview hangminta szegmens
geneview_sample_09_065.wav|Geneview hangminta szegmens
geneview_sample_09_066.wav|Geneview hangminta szegmens
geneview_sample_09_067.wav|Geneview hangminta szegmens
geneview_sample_09_068.wav|Geneview hangminta szegmens
geneview_sample_09_069.wav|Geneview hangminta szegmens
geneview_sample_09_070.wav|Geneview hangminta szegmens
geneview_sample_09_071.wav|Geneview hangminta szegmens
geneview_sample_09_072.wav|Geneview hangminta szegmens
geneview_sample_09_073.wav|Geneview hangminta szegmens
geneview_sample_09_074.wav|Geneview hangminta szegmens
geneview_sample_09_075.wav|Geneview hangminta szegmens
geneview_sample_09_076.wav|Geneview hangminta szegmens
geneview_sample_09_077.wav|Geneview hangminta szegmens
geneview_sample_09_078.wav|Geneview hangminta szegmens
geneview_sample_09_079.wav|Geneview hangminta szegmens
geneview_sample_09_080.wav|Geneview hangminta szegmens
geneview_sample_09_081.wav|Geneview hangminta szegmens
geneview_sample_10_001.wav|Geneview hangminta szegmens
geneview_sample_10_002.wav|Geneview hangminta szegmens
geneview_sample_10_003.wav|Geneview hangminta szegmens
geneview_sample_11_001.wav|Geneview hangminta szegmens
geneview_sample_11_002.wav|Geneview hangminta szegmens
geneview_sample_11_003.wav|Geneview hangminta szegmens
geneview_sample_11_004.wav|Geneview hangminta szegmens
geneview_sample_11_005.wav|Geneview hangminta szegmens
geneview_sample_11_006.wav|Geneview hangminta szegmens
geneview_sample_11_007.wav|Geneview hangminta szegmens
geneview_sample_11_008.wav|Geneview hangminta szegmens
geneview_sample_11_009.wav|Geneview hangminta szegmens
geneview_sample_11_010.wav|Geneview hangminta szegmens
geneview_sample_11_011.wav|Geneview hangminta szegmens
geneview_sample_11_012.wav|Geneview hangminta szegmens
geneview_sample_11_013.wav|Geneview hangminta szegmens
geneview_sample_11_014.wav|Geneview hangminta szegmens
geneview_sample_11_015.wav|Geneview hangminta szegmens
geneview_sample_11_016.wav|Geneview hangminta szegmens
geneview_sample_11_017.wav|Geneview hangminta szegmens
geneview_sample_11_018.wav|Geneview hangminta szegmens
geneview_sample_11_019.wav|Geneview hangminta szegmens
geneview_sample_11_020.wav|Geneview hangminta szegmens
geneview_sample_11_021.wav|Geneview hangminta szegmens
geneview_sample_11_022.wav|Geneview hangminta szegmens
geneview_sample_11_023.wav|Geneview hangminta szegmens
geneview_sample_11_024.wav|Geneview hangminta szegmens
geneview_sample_11_025.wav|Geneview hangminta szegmens
geneview_sample_11_026.wav|Geneview hangminta szegmens
geneview_sample_11_027.wav|Geneview hangminta szegmens
geneview_sample_11_028.wav|Geneview hangminta szegmens
geneview_sample_11_029.wav|Geneview hangminta szegmens
geneview_sample_11_030.wav|Geneview hangminta szegmens
geneview_sample_11_031.wav|Geneview hangminta szegmens
geneview_sample_11_032.wav|Geneview hangminta szegmens
geneview_sample_11_033.wav|Geneview hangminta szegmens
geneview_sample_11_034.wav|Geneview hangminta szegmens
geneview_sample_11_035.wav|Geneview hangminta szegmens
geneview_sample_11_036.wav|Geneview hangminta szegmens
geneview_sample_11_037.wav|Geneview hangminta szegmens
geneview_sample_11_038.wav|Geneview hangminta szegmens
geneview_sample_11_039.wav|Geneview hangminta szegmens
geneview_sample_11_040.wav|Geneview hangminta szegmens
geneview_sample_11_041.wav|Geneview hangminta szegmens
geneview_sample_11_042.wav|Geneview hangminta szegmens
geneview_sample_11_043.wav|Geneview hangminta szegmens
geneview_sample_11_044.wav|Geneview hangminta szegmens
geneview_sample_12_001.wav|Geneview hangminta szegmens
geneview_sample_12_002.wav|Geneview hangminta szegmens
geneview_sample_12_003.wav|Geneview hangminta szegmens
geneview_sample_12_004.wav|Geneview hangminta szegmens
geneview_sample_12_005.wav|Geneview hangminta szegmens
geneview_sample_12_006.wav|Geneview hangminta szegmens
geneview_sample_12_007.wav|Geneview hangminta szegmens
geneview_sample_12_008.wav|Geneview hangminta szegmens
geneview_sample_12_009.wav|Geneview hangminta szegmens
geneview_sample_12_010.wav|Geneview hangminta szegmens
geneview_sample_12_011.wav|Geneview hangminta szegmens
geneview_sample_12_012.wav|Geneview hangminta szegmens
geneview_sample_12_013.wav|Geneview hangminta szegmens
geneview_sample_12_014.wav|Geneview hangminta szegmens
geneview_sample_12_015.wav|Geneview hangminta szegmens
geneview_sample_12_016.wav|Geneview hangminta szegmens
geneview_sample_12_017.wav|Geneview hangminta szegmens
geneview_sample_12_018.wav|Geneview hangminta szegmens
geneview_sample_12_019.wav|Geneview hangminta szegmens
geneview_sample_12_020.wav|Geneview hangminta szegmens
geneview_sample_12_021.wav|Geneview hangminta szegmens
geneview_sample_12_022.wav|Geneview hangminta szegmens
geneview_sample_12_023.wav|Geneview hangminta szegmens
geneview_sample_12_024.wav|Geneview hangminta szegmens
geneview_sample_12_025.wav|Geneview hangminta szegmens
geneview_sample_12_026.wav|Geneview hangminta szegmens
geneview_sample_12_027.wav|Geneview hangminta szegmens
geneview_sample_12_028.wav|Geneview hangminta szegmens
geneview_sample_12_029.wav|Geneview hangminta szegmens
geneview_sample_12_030.wav|Geneview hangminta szegmens
geneview_sample_12_031.wav|Geneview hangminta szegmens
geneview_sample_12_032.wav|Geneview hangminta szegmens
geneview_sample_12_033.wav|Geneview hangminta szegmens
geneview_sample_12_034.wav|Geneview hangminta szegmens
geneview_sample_12_035.wav|Geneview hangminta szegmens
geneview_sample_12_036.wav|Geneview hangminta szegmens
geneview_sample_12_037.wav|Geneview hangminta szegmens
geneview_sample_12_038.wav|Geneview hangminta szegmens
geneview_sample_12_039.wav|Geneview hangminta szegmens
geneview_sample_12_040.wav|Geneview hangminta szegmens
geneview_sample_12_041.wav|Geneview hangminta szegmens
geneview_sample_12_042.wav|Geneview hangminta szegmens
geneview_sample_12_043.wav|Geneview hangminta szegmens
geneview_sample_13_001.wav|Geneview hangminta szegmens
geneview_sample_13_002.wav|Geneview hangminta szegmens
geneview_sample_13_003.wav|Geneview hangminta szegmens
geneview_sample_13_004.wav|Geneview hangminta szegmens
geneview_sample_13_005.wav|Geneview hangminta szegmens
geneview_sample_13_006.wav|Geneview hangminta szegmens
geneview_sample_13_007.wav|Geneview hangminta szegmens
geneview_sample_13_008.wav|Geneview hangminta szegmens
geneview_sample_13_009.wav|Geneview hangminta szegmens
geneview_sample_13_010.wav|Geneview hangminta szegmens
geneview_sample_13_011.wav|Geneview hangminta szegmens
geneview_sample_13_012.wav|Geneview hangminta szegmens
geneview_sample_13_013.wav|Geneview hangminta szegmens
geneview_sample_13_014.wav|Geneview hangminta szegmens
geneview_sample_13_015.wav|Geneview hangminta szegmens
geneview_sample_13_016.wav|Geneview hangminta szegmens
geneview_sample_13_017.wav|Geneview hangminta szegmens
geneview_sample_13_018.wav|Geneview hangminta szegmens
geneview_sample_13_019.wav|Geneview hangminta szegmens
geneview_sample_13_020.wav|Geneview hangminta szegmens
geneview_sample_13_021.wav|Geneview hangminta szegmens
geneview_sample_13_022.wav|Geneview hangminta szegmens
geneview_sample_13_023.wav|Geneview hangminta szegmens
geneview_sample_13_024.wav|Geneview hangminta szegmens
geneview_sample_13_025.wav|Geneview hangminta szegmens
geneview_sample_13_026.wav|Geneview hangminta szegmens
geneview_sample_13_027.wav|Geneview hangminta szegmens